rel,fmf,pp1
0.13072982932838026,0.1456487363839339,0.13088192573613341
0.008006307536781295,0.011540003822772028,0.002842871734257145
0.00029489388593445347,0.001263418091003072,0.002643911930651909
