rel,fmf,pp1
0.04775122583386765,0.09121488973992115,0.09475584776618645
0.1002356951678332,0.09890429583119392,0.00851257011432608
0.0,0.08284181545750652,0.17071050519287162
