st01,st12,st23,st34,st45,rel,fmf,pp1,pna,c837,adv,asm,vad,MT1,MT2,bk1
1,1,1,1,1,1,1,1,1,1,1,1,1,1,1,1
1,2,2,2,2,1.95934,12.2566,0.970340666,1.80615,3.48704,0.864781922,1.10295,1.39447,1.750521515,1.98014,0.32091
1,2,3,3,3,1.976248755,11.80867992,1.088135298,1.256936979,10.50862851,1.101398661,1.302777735,1.515060619,1.190752282,1.526687561,0.559462795
1,2,3,4,4,2.218305097,10.73544157,1.17096892,2.582973777,10.50200323,1.036128621,1.662780757,2.321259143,0.020534607,1.393654735,0.806710002
1,2,3,4,5,2.231886212,9.65814396,0.92137892,2.984532145,10.73712334,-0.115881132,1.589796151,2.67546936,-0.149555393,1.978355461,-0.494486519
2,3,4,5,5,2.98139685,12.44567093,1.11011892,3.282725138,10.95434666,-1.650521132,1.879659864,2.480042579,1.524784607,2.594232992,-0.728818972